[
  {
    "asset": "BTC",
    "currency": "USD",
    "min_size": "0.01",
    "max_size": "2000.0",
    "increment": "0.0001",
    "label": "BTC/USD"
  },
  {
    "asset": "LTC",
    "currency": "USD",
    "min_size": "0.1",
    "max_size": "5000.0",
    "increment": "0.0001",
    "label": "LTC/USD"
  },
  {
    "asset": "LTC",
    "currency": "BTC",
    "min_size": "0.1",
    "max_size": "5000.0",
    "increment": "0.0001",
    "label": "LTC/BTC"
  },
  {
    "asset": "ETH",
    "currency": "USD",
    "min_size": "0.01",
    "max_size": "5000.0",
    "increment": "0.0001",
    "label": "ETH/USD"
  },
  {
    "asset": "ETH",
    "currency": "BTC",
    "min_size": "0.01",
    "max_size": "5000.0",
    "increment": "0.0001",
    "label": "ETH/BTC"
  },
  {
    "asset": "ETC",
    "currency": "BTC",
    "min_size": "0.1",
    "max_size": "100000.0",
    "increment": "0.0001",
    "label": "ETC/BTC"
  },
  {
    "asset": "ETC",
    "currency": "USD",
    "min_size": "0.1",
    "max_size": "100000.0",
    "increment": "0.0001",
    "label": "ETC/USD"
  },
  {
    "asset": "RRT",
    "currency": "USD",
    "min_size": "0.1",
    "max_size": "100000.0",
    "increment": "0.0001",
    "label": "RRT/USD"
  },
  {
    "asset": "RRT",
    "currency": "BTC",
    "min_size": "0.1",
    "max_size": "100000.0",
    "increment": "0.0001",
    "label": "RRT/BTC"
  },
  {
    "asset": "ZEC",
    "currency": "USD",
    "min_size": "0.0001",
    "max_size": "20000.0",
    "increment": "0.0001",
    "label": "ZEC/USD"
  },
  {
    "asset": "ZEC",
    "currency": "BTC",
    "min_size": "0.0001",
    "max_size": "20000.0",
    "increment": "0.0001",
    "label": "ZEC/BTC"
  },
  {
    "asset": "XMR",
    "currency": "USD",
    "min_size": "0.1",
    "max_size": "5000.0",
    "increment": "0.0001",
    "label": "XMR/USD"
  },
  {
    "asset": "XMR",
    "currency": "BTC",
    "min_size": "0.1",
    "max_size": "5000.0",
    "increment": "0.0001",
    "label": "XMR/BTC"
  },
  {
    "asset": "DSH",
    "currency": "USD",
    "min_size": "0.01",
    "max_size": "5000.0",
    "increment": "0.0001",
    "label": "DSH/USD"
  },
  {
    "asset": "DSH",
    "currency": "BTC",
    "min_size": "0.01",
    "max_size": "5000.0",
    "increment": "0.0001",
    "label": "DSH/BTC"
  },
  {
    "asset": "BCC",
    "currency": "BTC",
    "min_size": "0.01",
    "max_size": "2000.0",
    "increment": "0.0001",
    "label": "BCC/BTC"
  },
  {
    "asset": "BCU",
    "currency": "BTC",
    "min_size": "0.01",
    "max_size": "2000.0",
    "increment": "0.0001",
    "label": "BCU/BTC"
  },
  {
    "asset": "BCC",
    "currency": "USD",
    "min_size": "0.01",
    "max_size": "2000.0",
    "increment": "0.0001",
    "label": "BCC/USD"
  },
  {
    "asset": "BCU",
    "currency": "USD",
    "min_size": "0.01",
    "max_size": "2000.0",
    "increment": "0.0001",
    "label": "BCU/USD"
  },
  {
    "asset": "XRP",
    "currency": "USD",
    "min_size": "0.1",
    "max_size": "200000.0",
    "increment": "0.0001",
    "label": "XRP/USD"
  },
  {
    "asset": "XRP",
    "currency": "BTC",
    "min_size": "0.1",
    "max_size": "200000.0",
    "increment": "0.0001",
    "label": "XRP/BTC"
  }
]
